,View1,View2,View3
View1,0.054953502399117504,0.0,0.0
View2,0.0,0.0697228135425785,0.0
View3,0.0,0.0,0.05887404965952051
