,View1,View2,View3
View1,9.257022137353271e-05,0.0,0.0
View2,0.0,0.00030969433527235004,0.0
View3,0.0,0.0,0.00021354234469037563
